<?xml version="1.0" encoding="UTF-8"?>
<root>
  <item name="com.marshalchen.ultimaterecyclerview.divideritemdecoration.FlexibleDividerDecoration.Builder T colorResId(int) 0">
    <annotation name="android.support.annotation.ColorRes" />
  </item>
  <item name="com.marshalchen.ultimaterecyclerview.divideritemdecoration.FlexibleDividerDecoration.Builder T drawable(int) 0">
    <annotation name="android.support.annotation.DrawableRes" />
  </item>
  <item name="com.marshalchen.ultimaterecyclerview.divideritemdecoration.FlexibleDividerDecoration.Builder T sizeResId(int) 0">
    <annotation name="android.support.annotation.DimenRes" />
  </item>
  <item name="com.marshalchen.ultimaterecyclerview.divideritemdecoration.HorizontalDividerItemDecoration.Builder com.marshalchen.ultimaterecyclerview.divideritemdecoration.HorizontalDividerItemDecoration.Builder marginResId(int) 0">
    <annotation name="android.support.annotation.DimenRes" />
  </item>
  <item name="com.marshalchen.ultimaterecyclerview.divideritemdecoration.HorizontalDividerItemDecoration.Builder com.marshalchen.ultimaterecyclerview.divideritemdecoration.HorizontalDividerItemDecoration.Builder marginResId(int, int) 0">
    <annotation name="android.support.annotation.DimenRes" />
  </item>
  <item name="com.marshalchen.ultimaterecyclerview.divideritemdecoration.HorizontalDividerItemDecoration.Builder com.marshalchen.ultimaterecyclerview.divideritemdecoration.HorizontalDividerItemDecoration.Builder marginResId(int, int) 1">
    <annotation name="android.support.annotation.DimenRes" />
  </item>
  <item name="com.marshalchen.ultimaterecyclerview.divideritemdecoration.VerticalDividerItemDecoration.Builder com.marshalchen.ultimaterecyclerview.divideritemdecoration.VerticalDividerItemDecoration.Builder marginResId(int) 0">
    <annotation name="android.support.annotation.DimenRes" />
  </item>
  <item name="com.marshalchen.ultimaterecyclerview.divideritemdecoration.VerticalDividerItemDecoration.Builder com.marshalchen.ultimaterecyclerview.divideritemdecoration.VerticalDividerItemDecoration.Builder marginResId(int, int) 0">
    <annotation name="android.support.annotation.DimenRes" />
  </item>
  <item name="com.marshalchen.ultimaterecyclerview.divideritemdecoration.VerticalDividerItemDecoration.Builder com.marshalchen.ultimaterecyclerview.divideritemdecoration.VerticalDividerItemDecoration.Builder marginResId(int, int) 1">
    <annotation name="android.support.annotation.DimenRes" />
  </item>
</root>

