<?xml version="1.0" encoding="UTF-8"?>
<root>
  <item name="com.marshalchen.ultimaterecyclerview.UltimateRecyclerView void setEmptyView(int) 0">
    <annotation name="android.support.annotation.LayoutRes" />
  </item>
  <item name="com.marshalchen.ultimaterecyclerview.UltimateRecyclerView void setParallaxHeader(int) 0">
    <annotation name="android.support.annotation.LayoutRes" />
  </item>
  <item name="com.marshalchen.ultimaterecyclerview.UltimateRecyclerView void setRecylerViewBackgroundColor(int) 0">
    <annotation name="android.support.annotation.ColorInt" />
  </item>
</root>

