<?xml version="1.0" encoding="UTF-8"?>
<root>
  <item name="com.marshalchen.ultimaterecyclerview.expanx.LinearExpanxURVAdapter android.view.View initiateview(android.view.ViewGroup, int) 1">
    <annotation name="android.support.annotation.LayoutRes" />
  </item>
  <item name="com.marshalchen.ultimaterecyclerview.expanx.SmartItem com.marshalchen.ultimaterecyclerview.expanx.SmartItem child(android.content.Context, int, java.lang.String) 1">
    <annotation name="android.support.annotation.StringRes" />
  </item>
  <item name="com.marshalchen.ultimaterecyclerview.expanx.SmartItem com.marshalchen.ultimaterecyclerview.expanx.SmartItem parent(android.content.Context, int, java.lang.String, java.util.List&lt;com.marshalchen.ultimaterecyclerview.expanx.SmartItem&gt;) 1">
    <annotation name="android.support.annotation.StringRes" />
  </item>
  <item name="com.marshalchen.ultimaterecyclerview.expanx.Util.BaseViewHolder android.view.View getView(android.content.Context, android.view.ViewGroup, int) 2">
    <annotation name="android.support.annotation.LayoutRes" />
  </item>
</root>

